﻿Latitude,Longitude,STATION_NAME,STATION_CODE,DIVISION,STATE,CATEGORY
17.418,78.52,ARTS COLLEGE,ATC,HYB,ANDHRA PRADESH,C
15.8324664,78.0324683,BHARATH NAGAR,BTNR,SC,ANDHRA PRADESH,C
13.6263669,79.4318916,BORABANDA,BRBD,SC,ANDHRA PRADESH,C
17.4873673,78.3326796,CHANDA NAGAR,CDNR,SC,ANDHRA PRADESH,C
15.9128998,79.7399875,DABIRPURA,DQR,HYB,ANDHRA PRADESH,C
17.3325046,78.4743064,FALAKNUMA,FM,HYB,ANDHRA PRADESH,C
15.9128998,79.7399875,FATHENAGAR BRIDGE,FNB,SC,ANDHRA PRADESH,C
16.522659,80.616488,HAFIZPETA,HFZ,SC,ANDHRA PRADESH,C
24.580883,73.691973,HI-TECH CITY,HTCY,SC,ANDHRA PRADESH,C
17.601728,83.155827,HUPPUGUDA,HPQ,HYB,ANDHRA PRADESH,C
14.6800227,77.6020247,JAMAI OSMANIA,JOO,HYB,ANDHRA PRADESH,C
17.434324,78.4912358,JAMES STREET,JET,SC,ANDHRA PRADESH,C
17.4132983,78.4610872,KHAIRATABAD,KQD,SC,ANDHRA PRADESH,C
17.406211,78.463156,LAKDIKAPUL,LKPL,SC,ANDHRA PRADESH,C
15.9128998,79.7399875,MALAKPET,MXT,HYB,ANDHRA PRADESH,C
17.4457131,78.4522574,NATURE CURE HOSPITAL,NCHS,SC,ANDHRA PRADESH,C
17.4237284,78.4629876,NECKLACE ROAD,NLRD,SC,ANDHRA PRADESH,C
13.628347,79.4199775,SANJEEVAIAH PARK,SJVP,SC,ANDHRA PRADESH,C
17.4280637,78.5196535,SITAPHALMANDI,STPD,HYB,ANDHRA PRADESH,C
16.5186249,80.6198977,VIDYA NAGAR,VAR,HYB,ANDHRA PRADESH,C
17.0209637,81.5356772,YAKUTPURA,YKA,HYB,ANDHRA PRADESH,C
19.1721108,72.9521756,AIROLI,AIRL,BB,MAHARASHTRA,C
18.6485756,73.7647023,AKURDI,AKRD,PA,MAHARASHTRA,C
19.21012,73.1844207,AMBERNATH,ABH,BB,MAHARASHTRA,C
19.2678179,73.1717161,AMBIVLI,ABY,BB,MAHARASHTRA,C
19.4395451,73.3079077,ASANGAON,ASO,BB,MAHARASHTRA,C
19.5036308,73.3282211,ATGAON,ATG,BB,MAHARASHTRA,C
19.1670644,73.239077,BADLAPUR,BUD,BB,MAHARASHTRA,C
18.7214453,73.6961673,BEGDEWADI,BGWI,PA,MAHARASHTRA,C
19.0252299,73.0413955,BELAPUR,BEPR,BB,MAHARASHTRA,C
19.1423572,72.9377517,BHANDUP,BND,BB,MAHARASHTRA,C
18.9700103,73.3315382,BHIVPURI ROAD,BVS,BB,MAHARASHTRA,C
18.9766017,72.8326658,BYCULLA,BY,BB,MAHARASHTRA,C
19.9918659,73.7988249,CHEMBUR,CMBR,BB,MAHARASHTRA,C
18.9868574,72.8327964,CHINCHPOKLI,CHG,BB,MAHARASHTRA,C
18.6398719,73.7918217,CHINCHWAD,CCH,PA,MAHARASHTRA,C
19.0805665,72.8476904,CHUNNABHATTI,CHF,BB,MAHARASHTRA,C
18.9864926,72.8432859,COTTON GREEN,CTGN,BB,MAHARASHTRA,C
18.9940922,72.8328531,CURREY ROAD,CRD,BB,MAHARASHTRA,C
18.5815476,73.8326123,DAPODI,DAPD,PA,MAHARASHTRA,C
18.6804696,73.7342706,DEHU ROAD,DEHR,PA,MAHARASHTRA,C
19.2039788,73.8748323,DIWA,DW,BB,MAHARASHTRA,C
18.9663811,72.844209,DOCK YARD RD,DKRD,BB,MAHARASHTRA,C
19.0134317,72.8357694,DOLAVLI,DLV,BB,MAHARASHTRA,C
19.218328,73.0868268,DOMBIVLI,DI,BB,MAHARASHTRA,C
19.1164717,73.0068583,GHANSOLI,GNSL,BB,MAHARASHTRA,C
19.0856491,72.9082207,GHATKOPAR,GC,BB,MAHARASHTRA,C
18.7214453,73.6961673,GHORAWADI,GRWD,PA,MAHARASHTRA,C
19.041528,72.864732,GOVANDI,GV,BB,MAHARASHTRA,C
19.037969,72.8654718,GURU TEG BAHADUR NAGAR,GTBN,BB,MAHARASHTRA,C
19.050759,72.917265,JUINAGAR,JNJ,BB,MAHARASHTRA,C
19.1953173,72.9967104,KALVA,KLVA,BB,MAHARASHTRA,C
18.7668242,73.5523029,KAMSHET,KMST,PA,MAHARASHTRA,C
17.7195516,73.3968136,KANJURMARG,KJRD,BB,MAHARASHTRA,C
18.9115293,73.3209035,KARJAT,KJT,BB,MAHARASHTRA,C
19.6483438,73.4730793,KASARA,KSRA,BB,MAHARASHTRA,C
18.6077625,73.821064,KASARWADI,KSWD,PA,MAHARASHTRA,C
18.845379,73.318805,KELAVLI,KLY,BB,MAHARASHTRA,C
19.3567123,73.218929,KHADAVLI,KDV,BB,MAHARASHTRA,C
18.5631806,73.8406198,KHADKI,KK,PA,MAHARASHTRA,C
19.0100698,73.1118363,KHANDESHWAR,KNDS,BB,MAHARASHTRA,C
19.5804332,73.3939862,KHARDI,KE ,BB,MAHARASHTRA,C
19.0265,73.0595,KHARGAR,KHAG,BB,MAHARASHTRA,C
19.1486639,72.8324457,KHOPOLI,KHPI,BB,MAHARASHTRA,C
19.032281,72.857215,KING'S CIRCLE,KCE,BB,MAHARASHTRA,C
19.2107277,73.0769108,KOPAR  ,KOPR,BB,MAHARASHTRA,C
19.103056,73.010556,KOPARKHAIRANE,KHPN,BB,MAHARASHTRA,C
19.0657227,72.8793157,KURLA,CLA,BB,MAHARASHTRA,C
19.7514798,75.7138884,LOWJI,LWJ,BB,MAHARASHTRA,C
18.74426,73.480921,MALAVALI,MVL,PA,MAHARASHTRA,C
19.7514798,75.7138884,MANKHURD,MNKD,BB,MAHARASHTRA,C
19.0165576,73.0806949,MANSAROVAR,MANR,BB,MAHARASHTRA,C
18.9519928,72.8382706,MASJID,MSD,BB,MAHARASHTRA,C
19.0269791,72.8559788,MATUNGA,MTN,BB,MAHARASHTRA,C
19.1565109,72.9637728,MULUND,MLND,BB,MAHARASHTRA,C
19.7514798,75.7138884,MUMBRA,MBQ,BB,MAHARASHTRA,C
19.1546597,72.9466564,NAHUR,NHU,BB,MAHARASHTRA,C
19.0267546,73.318229,NERAL,NRL,BB,MAHARASHTRA,C
19.0286774,73.0188415,NERUL,NEU,BB,MAHARASHTRA,C
18.8844244,73.3207701,PALASDHARI,PDI,BB,MAHARASHTRA,C
18.9959822,72.8304157,PAREL,PR,BB,MAHARASHTRA,C
18.6234472,73.8021141,PIMPRI,PMP,PA,MAHARASHTRA,C
20.5456814,74.5389191,RABALE,RABE,BB,MAHARASHTRA,C
18.977184,72.844214,REAY ROAD,RRD,BB,MAHARASHTRA,C
18.960941,72.839386,SANDHURST ROAD,SNRD,BB,MAHARASHTRA,C
14.1348664,78.5197799,SANPADA,SNCR,BB,MAHARASHTRA,C
19.0219794,73.0193133,SEAWOOD DHARAVE,SWDV,BB,MAHARASHTRA,C
18.9988746,72.8545373,SEWRI,SVE,BB,MAHARASHTRA,C
19.2441884,73.1584305,SHAHAD,SHD,BB,MAHARASHTRA,C
19.0634158,73.317766,SHELU,SHLU,BB,MAHARASHTRA,C
18.5322253,73.8517961,SHIVAJINAGAR,SVJR,PA,MAHARASHTRA,C
19.0472193,72.8638069,SION,SIN,BB,MAHARASHTRA,C
18.7350795,73.6724868,TALEGAON,TGN,PA,MAHARASHTRA,C
19.2256889,73.0970259,THAKURLI,THK,BB,MAHARASHTRA,C
19.0658187,72.8899927,TILAKNAGAR,TKNG,BB,MAHARASHTRA,C
19.29593,73.203764,TITWALA,TLA,BB,MAHARASHTRA,C
19.0762175,73.0176999,TURBHE,TUH,BB,MAHARASHTRA,C
19.2302809,73.1491159,ULHASNAGAR,ULNR,BB,MAHARASHTRA,C
19.0161446,72.8589689,VADALA RD.,VDLR,BB,MAHARASHTRA,C
18.7423915,73.6369067,VADGAON,VDN,PA,MAHARASHTRA,C
19.0944038,73.3007222,VANGANI,VGI,BB,MAHARASHTRA,C
19.0630606,72.9989048,VASHI,VSH,BB,MAHARASHTRA,C
19.4065989,73.2675981,VASIND,VSD,BB,MAHARASHTRA,C
19.0802204,72.8983448,VIDYAVIHAR,VVH,BB,MAHARASHTRA,C
19.1129983,72.9319988,VIKHROLI,VK,BB,MAHARASHTRA,C
21.1243969,79.0529298,VITHALWADI,VLDI,BB,MAHARASHTRA,C
19.054672,72.837977,ANDHERI,ADH,MUMBAI CENTRAL,MAHARASHTRA,C
19.0617143,72.8439864,BANDRA,BA,MUMBAI CENTRAL,MAHARASHTRA,C
19.3104764,72.8530629,BHAYANDER,BYR,MUMBAI CENTRAL,MAHARASHTRA,C
19.7984808,72.7615743,BOISAR,BOR,MUMBAI CENTRAL,MAHARASHTRA,C
19.2294266,72.8569936,BORIVALI,BVI,MUMBAI CENTRAL,MAHARASHTRA,C
18.9520406,72.8181069,CHARNI ROAD,CYR,MUMBAI CENTRAL,MAHARASHTRA,C
18.9330459,72.8273989,CHURCHGATE,CCG,MUMBAI CENTRAL,MAHARASHTRA,C
19.0180435,72.8436195,DADAR,DDR,MUMBAI CENTRAL,MAHARASHTRA,C
19.9915287,72.7435151,DAHANU ROAD,DRD,MUMBAI CENTRAL,MAHARASHTRA,C
19.106467,72.9015749,DAHISAR,DIC,MUMBAI CENTRAL,MAHARASHTRA,C
19.0074692,72.8359424,ELPHINSTONE RD,EPR,MUMBAI CENTRAL,MAHARASHTRA,C
19.1645727,72.8492586,GOREGAON,GMN,MUMBAI CENTRAL,MAHARASHTRA,C
18.9633787,72.8158439,GRANT ROAD,GTR,MUMBAI CENTRAL,MAHARASHTRA,C
19.1364893,72.8488709,JOGESHWARI,JOS,MUMBAI CENTRAL,MAHARASHTRA,C
19.2045159,72.8520095,KANDIVLI,KILE,MUMBAI CENTRAL,MAHARASHTRA,C
19.6247486,72.791038,KELWE ROAD,KLV,MUMBAI CENTRAL,MAHARASHTRA,C
19.0698428,72.8402856,KHAR ROAD,KHAR,MUMBAI CENTRAL,MAHARASHTRA,C
18.9959822,72.8304157,LOWER PAREL,PL,MUMBAI CENTRAL,MAHARASHTRA,C
18.9818838,72.823803,MAHALAKSMI,MX,MUMBAI CENTRAL,MAHARASHTRA,C
19.040909,72.84601,MAHIM,MM,MUMBAI CENTRAL,MAHARASHTRA,C
19.187225,72.848998,MALAD,MDD,MUMBAI CENTRAL,MAHARASHTRA,C
18.9447204,72.824317,MARINE LINES,MEL,MUMBAI CENTRAL,MAHARASHTRA,C
19.0283952,72.8467938,MATUNGA ROAD,MRU,MUMBAI CENTRAL,MAHARASHTRA,C
19.2908113,72.8707403,MIRA ROAD,MIRA,MUMBAI CENTRAL,MAHARASHTRA,C
18.9703772,72.8189338,MUMBAI CENTRAL(LOCAL),BCL,MUMBAI CENTRAL,MAHARASHTRA,C
19.3837249,72.8267545,NAIGAON,NIG,MUMBAI CENTRAL,MAHARASHTRA,C
19.4167719,72.8100503,NALLASOPARA,NSP,MUMBAI CENTRAL,MAHARASHTRA,C
19.6977641,72.7719786,PALGHAR,PLG,MUMBAI CENTRAL,MAHARASHTRA,C
19.0825552,72.8417627,SANTACRUZ,STC,MUMBAI CENTRAL,MAHARASHTRA,C
19.5770781,72.8217475,SAPHALE,SAH,MUMBAI CENTRAL,MAHARASHTRA,C
19.3824395,72.8321528,VAITARNA ROAD,VTN,MUMBAI CENTRAL,MAHARASHTRA,C
19.8827477,72.7634791,VANGAON,VGN,MUMBAI CENTRAL,MAHARASHTRA,C
19.3824395,72.8321528,VASAI ROAD,BSR,MUMBAI CENTRAL,MAHARASHTRA,C
19.0995322,72.8439636,VILE PARLE,VLP,MUMBAI CENTRAL,MAHARASHTRA,C
19.4549793,72.8119477,VIRAR,VR,MUMBAI CENTRAL,MAHARASHTRA,C
13.1139737,80.1534319,AMBATTUR                           ,ABU  ,MAS,TAMIL NADU,C
13.116377,80.1268729,ANNANUR(HALT)                      ,ANNR ,MAS,TAMIL NADU,C
13.3042741,80.2309239,ANUPPAMPATTU(FLAG)                 ,APB  ,MAS,TAMIL NADU,C
13.2609038,80.2896098,ATTHIPATTU(FLAG)                   ,AIP  ,MAS,TAMIL NADU,C
13.2494651,80.2996014,ATTIPATTUPUDUNAGAR(HALT)           ,AIPP ,MAS,TAMIL NADU,C
13.1180299,80.1006553,AVADI                              ,AVD  ,MAS,TAMIL NADU,C
13.102604,80.271313,BASIN BRIDGE JN                    ,BBQ  ,MAS,TAMIL NADU,C
13.0913064,80.2922244,CHENNAI BEACH                      ,MSB  ,MAS,TAMIL NADU,C
12.7284442,77.8313863,CHENNAI CHETPET(FLAG)              ,MSC  ,MAS,TAMIL NADU,C
13.0837154,80.2832932,CHENNAI FORT(FLAG)                 ,MSF  ,MAS,TAMIL NADU,C
13.08055,80.273162,CHENNAI PARK                       ,MPK  ,MAS,TAMIL NADU,C
13.1169222,80.1887986,CHEPAUK                            ,MCPK ,MAS,TAMIL NADU,C
11.1271225,78.6568942,CHINTARIPET                        ,MCPT ,MAS,TAMIL NADU,C
12.9510098,80.1407202,CHROMPET(FLAG)                     ,CMP  ,MAS,TAMIL NADU,C
11.1271225,78.6568942,E-DEPOT                            ,EDEP ,MAS,TAMIL NADU,C
13.1070319,79.8842179,EGATTUR(HALT)                      ,EGTR ,MAS,TAMIL NADU,C
13.2026648,80.3108648,ENNORE                             ,ENR  ,MAS,TAMIL NADU,C
12.9672439,80.2203339,GREENWAYS ROAD(FLAG)               ,GWYR ,MAS,TAMIL NADU,C
11.1271225,78.6568942,GUINDY                             ,GDY  ,MAS,TAMIL NADU,C
13.4069483,80.1102998,GUMMIDIPUNDI                       ,GPD  ,MAS,TAMIL NADU,C
13.1186246,80.0749,HINDU COLLEGE(HALT)                ,HC   ,MAS,TAMIL NADU,C
12.996471,80.249764,INDIRANAGAR(FLAG)                  ,INDR ,MAS,TAMIL NADU,C
10.4014456,79.4992679,KADAMBATTUR                        ,KBT  ,MAS,TAMIL NADU,C
11.1271225,78.6568942,KASTURIBANAGAR(FLAG)               ,KTBR ,MAS,TAMIL NADU,C
13.204166,80.316682,KATHIVAKKAM(FLAG)                  ,KAVM ,MAS,TAMIL NADU,C
13.363237,80.1476395,KAVARIPETTAI                       ,KVP  ,MAS,TAMIL NADU,C
12.9976504,80.2008659,KODAMBAKKAM                        ,MKK  ,MAS,TAMIL NADU,C
13.1132265,80.1839835,KORATTUR(FLAG)                     ,KOTR ,MAS,TAMIL NADU,C
13.1203209,80.2785761,KORUKKUPET                         ,KOK  ,MAS,TAMIL NADU,C
11.1271225,78.6568942,KOTTURPURAM(FLAG)                  ,KTPM ,MAS,TAMIL NADU,C
13.0451495,80.2768164,LIGHT HOUSE(FLAG)                  ,MLHS ,MAS,TAMIL NADU,C
11.1128251,77.369956,MANAVUR(FLAG)                      ,MAF  ,MAS,TAMIL NADU,C
10.8160161,78.6958945,MANDAIVELI(FLAG)                   ,MNDY ,MAS,TAMIL NADU,C
12.9852214,80.1762616,MEENAMBAKKAM                       ,MN   ,MAS,TAMIL NADU,C
13.281826,80.259735,MINJUR                             ,MJR  ,MAS,TAMIL NADU,C
13.0900893,80.2746665,MOORE MARKET COMPLEX,MMC1,MAS,TAMIL NADU,C
8.7614889,77.6493676,MOSUR(HALT)                        ,MSU  ,MAS,TAMIL NADU,C
13.268382,80.276499,NANDIYAMBAKKAM(HALT)               ,NPKM ,MAS,TAMIL NADU,C
13.1214047,80.04511,NEMILICHERRY(HALT)                 ,NEC  ,MAS,TAMIL NADU,C
13.0658289,80.2327959,NUNGAMBAKKAM(FLAG)                 ,NBK  ,MAS,TAMIL NADU,C
12.967348,80.152689,PALLAVARAM                         ,PV   ,MAS,TAMIL NADU,C
11.1271225,78.6568942,PARK TOWN(FLAG)                    ,MPKT ,MAS,TAMIL NADU,C
13.136481,80.059806,PATTABIRAM MILITARY SIDING(FLAG)   ,PTMS ,MAS,TAMIL NADU,C
13.1188558,80.0652839,PATTABIRAM(FLAG)                   ,PAB  ,MAS,TAMIL NADU,C
13.055982,80.229049,PATTRAVAKKAM(FLAG)                 ,PVM  ,MAS,TAMIL NADU,C
10.9981403,76.9699493,PAZHAVANTHANGAL(FLAG)              ,PZA  ,MAS,TAMIL NADU,C
13.1073023,80.238907,PERAMBUR CARRIAGE WORKS(FLAG)      ,PCW  ,MAS,TAMIL NADU,C
13.108414,80.2257031,PERAMBUR LOCO WORKS(FLAG)          ,PLW  ,MAS,TAMIL NADU,C
12.9753436,80.2313645,PERUNGUDI                          ,PRGD ,MAS,TAMIL NADU,C
13.3323883,80.1989185,PONNERI                            ,PON  ,MAS,TAMIL NADU,C
12.9722421,79.1384152,PULIAMANAGALAM(HALT)               ,PLMG ,MAS,TAMIL NADU,C
13.1233001,79.9376017,PUTLUR(HALT)                       ,PTLR ,MAS,TAMIL NADU,C
13.103993,80.293727,ROYAPURAM(HALT)                    ,RPM  ,MAS,TAMIL NADU,C
13.0223062,80.2250262,SAIDAPET                           ,SP   ,MAS,TAMIL NADU,C
13.0945352,79.8355053,SENJIPANAMPAKKAM(HALT)             ,SPAM ,MAS,TAMIL NADU,C
13.1250091,79.9665686,SEVVAPET ROAD                      ,SVR  ,MAS,TAMIL NADU,C
13.005056,80.193306,ST.THOMASMOUNT                     ,STM  ,MAS,TAMIL NADU,C
12.9259177,80.1181198,TAMBARAM SANITORIUM(FLAG)          ,TBMS ,MAS,TAMIL NADU,C
11.1271225,78.6568942,TARAMANI                           ,TRMN ,MAS,TAMIL NADU,C
13.1308599,80.130824,THIRUMULLAIVOIL(HALT)              ,TMVL ,MAS,TAMIL NADU,C
13.1214047,80.04511,THIRUNINTRAVUR                     ,TI   ,MAS,TAMIL NADU,C
13.0347665,80.2669724,TIRUMAYILAI                        ,MTMY ,MAS,TAMIL NADU,C
12.980073,80.165759,TIRUSULAM(FLAG)                    ,TLM  ,MAS,TAMIL NADU,C
13.1305882,79.7793733,TIRUVALANGADU                      ,TO   ,MAS,TAMIL NADU,C
11.1271225,78.6568942,TIRUVALLIKENI(FLAG)                ,MTCN ,MAS,TAMIL NADU,C
12.989576,80.251318,TIRUVANMIYUR                       ,TYMR ,MAS,TAMIL NADU,C
13.1588693,80.2959552,TIRUVOTTIYUR                       ,TVT  ,MAS,TAMIL NADU,C
13.1273997,80.2816488,TONDIARPET(FLAG)                   ,TNP  ,MAS,TAMIL NADU,C
12.9672439,80.2203339,VELACHERI                          ,VLCY ,MAS,TAMIL NADU,C
13.1237982,79.9985932,VEPPAMBATTU(FLAG)                  ,VEU  ,MAS,TAMIL NADU,C
13.1101571,80.2090077,VILLIVAKKAM                        ,VLK  ,MAS,TAMIL NADU,C
13.140527,80.287655,VOC NAGAR(HALT)                    ,VOCN ,MAS,TAMIL NADU,C
13.1089055,80.2574317,VYASARPADI JEEVA(FLAG)             ,VJM  ,MAS,TAMIL NADU,C
13.108717,80.287984,WASHERMANPET                       ,WST  ,MAS,TAMIL NADU,C
13.1806895,80.3059388,WIMCO NAGAR(FLAG)                  ,WCN  ,MAS,TAMIL NADU,C
22.9544863,88.3792576,ADISAPTAGRAM,ADST,HWH,WEST BENGAL,C
22.6829964,88.3853565,AGARPARA,AGP,SDAH,WEST BENGAL,C
23.5811516,88.2266119,AGRADWIP,AGAE,HWH,WEST BENGAL,C
22.5479597,88.3617151,AKRA,AQR,SDAH,WEST BENGAL,C
23.2133715,88.3533249,AMBIKAKALNA,ABKA,HWH,WEST BENGAL,C
23.1736968,88.5682336,ARANGHATA,AG,SDAH,WEST BENGAL,C
22.8265128,88.6285935,ASOKENAGAR,ASKR,SDAH,WEST BENGAL,C
22.5673321,88.3708625,BADKULLA,BDZ,SDAH,WEST BENGAL,C
22.8844487,88.0134487,BAGBAZAR,BBR,SDAH,WEST BENGAL,C
22.4827516,88.3866607,BAGHAJATIN,BGJT,SDAH,WEST BENGAL,C
22.9867569,87.8549755,BAGILA,BGF,HWH,WEST BENGAL,C
23.2413789,88.3295113,BAGNAPARA,BGRA,HWH,WEST BENGAL,C
23.3327446,88.6443405,BAGULA,BGL,SDAH,WEST BENGAL,C
22.2030508,88.4433729,BAHARU,BARU,SDAH,WEST BENGAL,C
22.8524686,88.0693141,BAHIRKHANDA,BAHW,HWH,WEST BENGAL,C
22.33604,87.3260257,BAIDYABATI,BBAE,HWH,WEST BENGAL,C
23.106592,88.216188,BAINCHIGRAM,BCGM,HWH,WEST BENGAL,C
22.33604,87.3260257,BALAGARH,BGAE,HWH,WEST BENGAL,C
22.8082483,88.2115566,BALARAMBATI,BLAE,HWH,WEST BENGAL,C
22.6559815,88.3405759,BALLY,BLY,HWH,WEST BENGAL,C
22.5195299,88.3720966,BALLYGANG JN.,BLN,SDAH,WEST BENGAL,C
22.6525393,88.3483158,BALLYGHAT,BLYG,SDAH,WEST BENGAL,C
22.5673321,88.3708625,BAMANGACHI,BMG,SDAH,WEST BENGAL,C
26.7083818,88.4268741,BANPUR,BPN,SDAH,WEST BENGAL,C
22.9573054,88.3953819,BANSBARIA,BSAE,HWH,WEST BENGAL,C
22.6536083,88.3782376,BARANAGAR,BARN,SDAH,WEST BENGAL,C
22.7240506,88.4837463,BARASAT JN  ,BT,SDAH,WEST BENGAL,C
22.7500228,88.3716947,BARRACKPORE ,BP,SDAH,WEST BENGAL,C
22.7672851,88.2368144,BARUIPARA,BRPA,HWH,WEST BENGAL,C
22.3659202,88.4312143,BARUIPUR JN ,BRP,SDAH,WEST BENGAL,C
22.5673321,88.3708625,BASIRHAT ,BSHT,SDAH,WEST BENGAL,C
22.2042236,88.2357259,BASULDANGA,BSD,SDAH,WEST BENGAL,C
22.576626,88.346596,BBD BAG,BBDB,SDAH,WEST BENGAL,C
22.7379484,88.2554311,BEGAMPUR,BPAE,HWH,WEST BENGAL,C
22.4870522,88.3131716,BEHULA,BHLA,HWH,WEST BENGAL,C
24.1688739,88.2856326,BELANAGAR,BZL,HWH,WEST BENGAL,C
23.5210661,88.2841131,BELERHAT,BQY,HWH,WEST BENGAL,C
22.9867569,87.8549755,BELGHARIA,BLH,SDAH,WEST BENGAL,C
22.93291,88.152396,BELMURI,BMAE,HWH,WEST BENGAL,C
22.636223,88.339961,BELUR,BEQ,HWH,WEST BENGAL,C
22.631072,88.351431,BELUR MATH,BRMH,HWH,WEST BENGAL,C
22.8274823,88.3414168,BHADRESWAR,BHR,HWH,WEST BENGAL,C
22.9867569,87.8549755,BHANDERTIKURI,BFZ,HWH,WEST BENGAL,C
22.6652345,88.6583483,BHASILA,BSLA,SDAH,WEST BENGAL,C
22.591202,88.3905966,BIDHANNAGAR ROAD,BNXR,SDAH,WEST BENGAL,C
22.5673321,88.3708625,BIDYADHAR PUR,BDYP,SDAH,WEST BENGAL,C
22.6470178,88.4376757,BIMAN BANDAR,BNBA,SDAH,WEST BENGAL,C
22.7897544,88.5722191,BIRA,BZRA,SDAH,WEST BENGAL,C
22.7275544,88.3773533,BIRATI,BBT,SDAH,WEST BENGAL,C
22.5673321,88.3708625,BIRNAGAR,BIJ,SDAH,WEST BENGAL,C
22.6765467,88.434733,BISOREPARA  KODALIA,BRPK,SDAH,WEST BENGAL,C
23.119393,88.1966785,BOINCHI,BOI,HWH,WEST BENGAL,C
23.03033,88.832564,BANGAON  JN.,BNJ,SDAH,WEST BENGAL,C
22.5176534,88.3015487,BRACE-BRIDGE,BRJ,SDAH,WEST BENGAL,C
22.5181973,88.2803129,BUDGEBUDGE  ,BGB,SDAH,WEST BENGAL,C
22.5904514,88.3512917,BURRABAZAR,BZB,SDAH,WEST BENGAL,C
22.5673321,88.3708625,CANNING ,CG,SDAH,WEST BENGAL,C
22.9867569,87.8549755,CHAKDAHA,CDH,SDAH,WEST BENGAL,C
22.9867569,87.8549755,CHAMPA PUKUR,CQR,SDAH,WEST BENGAL,C
22.5673321,88.3708625,CHAMPAHATI,CHT,SDAH,WEST BENGAL,C
22.583962,88.215001,CHANDANNAGAR,CGR,HWH,WEST BENGAL,C
22.8807707,88.175982,CHANDANPUR,CDAE,HWH,WEST BENGAL,C
23.03033,88.832564,CHANDPARA,CDP,SDAH,WEST BENGAL,C
22.8910685,88.3705596,CHUCHURA,CNS,HWH,WEST BENGAL,C
23.6012808,88.1703761,DAINHAT,DHAE,HWH,WEST BENGAL,C
22.5673321,88.3708625,DAKHINESWAR,DAKE,SDAH,WEST BENGAL,C
22.2265708,88.4526014,DAKSHIN BARASAT,DBT,SDAH,WEST BENGAL,C
22.5673321,88.3708625,DAKSHIN DURGAPUR,DKDP,SDAH,WEST BENGAL,C
22.678051,88.290707,DANKUNI ,DKAE,HWH,WEST BENGAL,C
22.9867569,87.8549755,DEARAH,DEH,HWH,WEST BENGAL,C
23.144092,88.1565576,DEBIPUR,DBP,HWH,WEST BENGAL,C
22.2145652,88.2811664,DEULA,D,SDAH,WEST BENGAL,C
22.508318,88.367542,DHAKURIA ,DHK,SDAH,WEST BENGAL,C
22.5673321,88.3708625,DHAMUAH ,DMU,SDAH,WEST BENGAL,C
22.3163439,88.4601974,DHAPDHOPI,DPDP,SDAH,WEST BENGAL,C
23.2692222,88.3165115,DHATRIGRAM,DTAE,HWH,WEST BENGAL,C
22.4864219,88.3127772,DIAMOND HARBOUR RD,DH,SDAH,WEST BENGAL,C
22.6369714,88.4123388,DUMDUM CANT.,DDC,SDAH,WEST BENGAL,C
22.6211309,88.3931058,DUMDUM JN  ,DDJ,SDAH,WEST BENGAL,C
23.0399692,88.4322738,DUMURDAHA,DMLE,HWH,WEST BENGAL,C
22.5287191,88.3473328,DURGANAGAR,DGNR,SDAH,WEST BENGAL,C
22.9867569,87.8549755,DUTTAPUKUR,DTK,SDAH,WEST BENGAL,C
22.5650837,88.3393291,EDEN GARDEN,EDG,SDAH,WEST BENGAL,C
23.1736968,88.5682336,GANGNAPUR,GGP,SDAH,WEST BENGAL,C
23.2235272,87.9272754,GANGPUR,GRP,HWH,WEST BENGAL,C
22.4719446,88.3991075,GARIA,GIA,SDAH,WEST BENGAL,C
22.6866938,88.3862627,GARIFA,GFAE,HWH,WEST BENGAL,C
22.5673321,88.3708625,GEDE,GXD,SDAH,WEST BENGAL,C
22.3680893,88.5526441,GHUTIARISHARIF ,GOF,SDAH,WEST BENGAL,C
22.879576,88.7608988,GOBORDANGA,GBG,SDAH,WEST BENGAL,C
22.5836115,88.3420161,GOBRA,GBRA,HWH,WEST BENGAL,C
22.278048,88.458521,GOCHARAN,GCN,SDAH,WEST BENGAL,C
26.6842567,88.4428015,GOKULNAGAR JAIPUR,GNJP,HWH,WEST BENGAL,C
23.0599111,88.7596983,GOPALNAGAR,GN,SDAH,WEST BENGAL,C
22.6093352,88.2455282,GUMA,GMA,SDAH,WEST BENGAL,C
23.1977312,88.4170972,GUPTIPARA,GPAE,HWH,WEST BENGAL,C
22.9867569,87.8549755,GURAP,GRAE,HWH,WEST BENGAL,C
22.199708,88.215793,GURUDASNAGAR,GURN,SDAH,WEST BENGAL,C
22.5673321,88.3708625,HABIBPUR,HBE,SDAH,WEST BENGAL,C
22.840874,88.657385,HABRA,HB,SDAH,WEST BENGAL,C
22.5673321,88.3708625,HALISAHAR,HLR,SDAH,WEST BENGAL,C
22.0659534,88.0873283,HARIPAL,HPL,HWH,WEST BENGAL,C
22.6621002,88.690451,HARUA ROAD,HRO,SDAH,WEST BENGAL,C
22.5712239,88.9134144,HASNABAD,HNB,SDAH,WEST BENGAL,C
23.1394671,88.1547742,HAZIGARH,HIH,HWH,WEST BENGAL,C
22.639095,88.428003,HINDMOTOR,HMZ,HWH,WEST BENGAL,C
22.9057097,88.3763763,HOOGHLY,HGY,HWH,WEST BENGAL,C
22.904787,88.396444,HOOGHLYGHAT,HYG,HWH,WEST BENGAL,C
22.5667667,88.3764206,HOTOR,HT,SDAH,WEST BENGAL,C
22.7105415,88.4696113,HRIDAYPUR,HHR,SDAH,WEST BENGAL,C
22.5673321,88.3708625,ICHHAPUR,IP,SDAH,WEST BENGAL,C
22.5182444,88.3655731,JADAVPUR,JDP,SDAH,WEST BENGAL,C
22.9867569,87.8549755,JAGADDAL,JGDL,SDAH,WEST BENGAL,C
22.7221874,88.2647721,JANAI ROAD,JOX,HWH,WEST BENGAL,C
23.0785967,88.0808097,JAUGRAM,JRAE,HWH,WEST BENGAL,C
23.0639633,88.0910718,JHAPANDANGA,JPQ,HWH,WEST BENGAL,C
21.912673,87.5123797,JIRAT,JIT,HWH,WEST BENGAL,C
22.1690847,88.4157156,JOYNAGAR MOJILPUR ,JNM,SDAH,WEST BENGAL,C
22.7540321,88.3385552,KAIKALA,KKAE,HWH,WEST BENGAL,C
21.8799672,88.1938277,KAKDWIP,KWDP,SDAH,WEST BENGAL,C
22.5019267,88.39767,KALIKAPUR,KLKR,SDAH,WEST BENGAL,C
23.3640331,88.3311532,KALINAGAR,KALN,HWH,WEST BENGAL,C
23.2083455,88.5726118,KALINARAYANPUR JN.,KLNP,SDAH,WEST BENGAL,C
22.9877187,88.4279312,KALYANI,KYI,SDAH,WEST BENGAL,C
22.9818515,88.4395393,KALYANI GHOSHPARA,KLYG,SDAH,WEST BENGAL,C
22.9867569,87.8549755,KALYANI SILPANCHAL,KLYS,SDAH,WEST BENGAL,C
22.9877187,88.4279312,KALYANI SIMANTA,KLYM,SDAH,WEST BENGAL,C
22.5673321,88.3708625,KALYANPUR ,KYP,SDAH,WEST BENGAL,C
22.9445284,88.4538523,KANCHRAPARA,KPA,SDAH,WEST BENGAL,C
22.8666696,88.4054184,KANKINARA,KNR,SDAH,WEST BENGAL,C
21.9053265,88.2011953,KASHINAGAR HALT,KHGR,SDAH,WEST BENGAL,C
23.6402747,88.1229268,KATWA,KWAE,HWH,WEST BENGAL,C
23.0543138,88.4440064,KHAMARGACHI,KMAE,HWH,WEST BENGAL,C
23.046728,88.315389,KHANYAN,KHN,HWH,WEST BENGAL,C
22.5673321,88.3708625,KHARDAH,KDH,SDAH,WEST BENGAL,C
25.2612688,88.1035078,KONNAGAR,KOG,HWH,WEST BENGAL,C
23.388719,88.4935083,KRISHNANAGAR CITY,KNJ,SDAH,WEST BENGAL,C
23.0164423,88.4128876,KUNTIGHAT,KJU,HWH,WEST BENGAL,C
22.9057097,88.3763763,LAKE GARDEN,LKF,SDAH,WEST BENGAL,C
22.9867569,87.8549755,LAKSHMI KANTAPUR,LKPR,SDAH,WEST BENGAL,C
22.5673321,88.3708625,LAXKSHIPUR,LKX,HWH,WEST BENGAL,C
22.6208408,88.3393702,LILLUAH,LLH,HWH,WEST BENGAL,C
22.70053,88.375801,LOKNATH,LOK,HWH,WEST BENGAL,C
22.5673321,88.3708625,MADANPUR,MPJ,SDAH,WEST BENGAL,C
22.844962,88.192898,MADHUSUDHANPUR,MDSE,HWH,WEST BENGAL,C
22.694757,88.4528321,MADHYAMGRAM,MMG,SDAH,WEST BENGAL,C
22.4461291,88.402885,MAGRAHAT,MGT,SDAH,WEST BENGAL,C
22.5848979,88.3392328,MAJHDIA,MIJ,SDAH,WEST BENGAL,C
22.4541542,86.9982866,MAJHER GRAM,MAJ,SDAH,WEST BENGAL,C
22.519165,88.322343,MAJHER HAT,MJT,SDAH,WEST BENGAL,C
26.5668492,88.8220732,MALATIPUR,MPE,SDAH,WEST BENGAL,C
22.3973677,88.4333379,MALLIKPUR,MAK,SDAH,WEST BENGAL,C
23.2501893,87.8696314,MANKUNDU,MUU,HWH,WEST BENGAL,C
23.135696,88.042253,MASAGRAM,MSAE,HWH,WEST BENGAL,C
22.5673321,88.3708625,MASLANDAPUR,MSL,SDAH,WEST BENGAL,C
22.1407487,88.3908343,MATHURAPUR RD,MPRD,SDAH,WEST BENGAL,C
22.9867569,87.8549755,MEMARI,MYM,HWH,WEST BENGAL,C
22.79065,88.222131,MIRZAPUR BANKIPUR,MBE,HWH,WEST BENGAL,C
22.6762526,88.4367567,MOGRA,MUG,HWH,WEST BENGAL,C
23.3979377,88.3568439,NABADWIPDHAM ,NDAE,HWH,WEST BENGAL,C
23.2501893,87.8696314,NABAGRAM ,NBAE,HWH,WEST BENGAL,C
22.8302815,88.1667833,NALIKUL,NKL,HWH,WEST BENGAL,C
22.5078884,88.3332421,NAMKHANA,NAMKA,SDAH,WEST BENGAL,C
22.8051297,88.2624248,NASIBPUR,NSF,HWH,WEST BENGAL,C
22.5673321,88.3708625,NETRA ,NTA,SDAH,WEST BENGAL,C
22.5103014,88.3353255,NEW ALIPORE,NACC,SDAH,WEST BENGAL,C
22.6466279,88.4368485,NEWBARAKPORE,NBE,SDAH,WEST BENGAL,C
22.5062432,88.3273297,NISCHINDIPUR,NISH,SDAH,WEST BENGAL,C
22.5673321,88.3708625,NUNGI,NAI,SDAH,WEST BENGAL,C
23.1791265,88.0093398,PALLAROAD,PRAE,HWH,WEST BENGAL,C
22.5673321,88.3708625,PALPARA,PXR,SDAH,WEST BENGAL,C
23.198177,88.001982,PALSIT,PLAE,HWH,WEST BENGAL,C
22.782546,88.370072,PALTA,PTF,SDAH,WEST BENGAL,C
23.0707976,88.2697656,PANDUAH,PDA,HWH,WEST BENGAL,C
22.5404177,88.3739108,PARKCIRCUS ,PQS,SDAH,WEST BENGAL,C
22.519165,88.322343,PATIPUKUR,PTKR,SDAH,WEST BENGAL,C
23.5475532,88.2522785,PATULI,PTAE,HWH,WEST BENGAL,C
22.5673321,88.3708625,PAYRADANGA,PDX,SDAH,WEST BENGAL,C
23.9480329,87.6709135,PHULIA,FLU,SDAH,WEST BENGAL,C
26.6842567,88.4428015,PIALI,PLF,SDAH,WEST BENGAL,C
22.916791,88.1596192,PORABAZAR,PBZ,HWH,WEST BENGAL,C
22.5553216,88.3311236,PRINCEPGHAT,PPGT,SDAH,WEST BENGAL,C
22.9867569,87.8549755,PURBASTHALI,PSAE,HWH,WEST BENGAL,C
23.1736968,88.5682336,RANAGHAT  ,RHA,SDAH,WEST BENGAL,C
23.2501893,87.8696314,RASULPUR,RSLR,HWH,WEST BENGAL,C
22.7261648,88.3435849,RISHRA ,RIS,HWH,WEST BENGAL,C
23.207119,87.9691762,SAKTIGARH,SKG,HWH,WEST BENGAL,C
23.335571,88.324625,SAMUDRAGARH,SMAE,HWH,WEST BENGAL,C
21.838785,88.3127923,SANGRAMPUR,SNU,SDAH,WEST BENGAL,C
22.4961373,88.372901,SANTOSHPUR,SSP,SDAH,WEST BENGAL,C
22.5673321,88.3708625,SHANTIPUR,STB,SDAH,WEST BENGAL,C
22.3470471,88.4350247,SHASHANROAD,SSRD,SDAH,WEST BENGAL,C
22.7749373,88.3284038,SHEORAPHULI ,SHE,HWH,WEST BENGAL,C
22.9738659,88.1340877,SHIBAICHANDI,SHBC,HWH,WEST BENGAL,C
22.5673321,88.3708625,SHYAMNAGAR,SNR,SDAH,WEST BENGAL,C
26.7536755,88.4400601,SIMLAGARH,SLG,HWH,WEST BENGAL,C
22.5673321,88.3708625,SIMURALI,SMX,SDAH,WEST BENGAL,C
22.5936381,88.4269114,SINGUR,SIU,HWH,WEST BENGAL,C
27.0047259,88.455957,SODPUR,SEP,SDAH,WEST BENGAL,C
23.1387448,88.4329536,SOMRABAZAR,SOAE,HWH,WEST BENGAL,C
22.4429798,88.4305441,SONARPUR,SPR,SDAH,WEST BENGAL,C
22.6818264,88.5822594,SONDALIA,SXC,SDAH,WEST BENGAL,C
22.7540321,88.3385552,SRIRAMPUR,SRP,HWH,WEST BENGAL,C
22.4136872,88.4342549,SUBHASGRAM,SBGR,SDAH,WEST BENGAL,C
22.2930424,88.4665275,SURJYAPUR,SJPR,SDAH,WEST BENGAL,C
23.261375,88.537636,TAHERPUR,THP,SDAH,WEST BENGAL,C
22.5673321,88.3708625,TAKIROAD,TKF,SDAH,WEST BENGAL,C
22.6074079,88.3816879,TALA,TALA,SDAH,WEST BENGAL,C
23.046728,88.315389,TALANDOO,TLO,HWH,WEST BENGAL,C
22.5673321,88.3708625,TALDI,TLX,SDAH,WEST BENGAL,C
22.882515,88.014098,TARAKESWAR,TAK,HWH,WEST BENGAL,C
22.9247549,88.7778785,THAKURNAGAR,TKNR,SDAH,WEST BENGAL,C
22.740729,88.3739624,TITAGARH,TGH,SDAH,WEST BENGAL,C
22.5673321,88.3708625,TOLLYGANGE,TLG,SDAH,WEST BENGAL,C
22.9867569,87.8549755,TRIBENI,TBAE,HWH,WEST BENGAL,C
22.6652525,88.3421821,UTTARPARA,UPA,HWH,WEST BENGAL,C
22.5478068,88.1994814,ABADA,ABB,KGP,WEST BENGAL,C
22.5756922,88.2398212,ANDUL,ADL,KGP,WEST BENGAL,C
22.4625562,87.9698141,BAGNAN,BZN,KGP,WEST BENGAL,C
22.3579283,87.552883,BALICHAK,BCK,KGP,WEST BENGAL,C
22.5026733,88.1632598,BAURIA,BVA,KGP,WEST BENGAL,C
22.4019429,87.8096437,BHOGPUR,BOP,KGP,WEST BENGAL,C
22.4737244,88.0536079,BIRSHIBPUR,BSBP,KGP,WEST BENGAL,C
22.5692283,88.3461937,CHENGAIL,CGA,KGP,WEST BENGAL,C
22.5979316,88.3076423,DASNAGAR,DSNR,KGP,WEST BENGAL,C
23.7743183,86.8299467,DEULTI,DTE,KGP,WEST BENGAL,C
22.477199,88.1142226,FULESWAR,FLR,KGP,WEST BENGAL,C
23.1744489,88.1795231,GHORAGHATA,GGTA,KGP,WEST BENGAL,C
22.3656588,87.6548927,HAUR,HAU,KGP,WEST BENGAL,C
22.3601342,88.4640494,KHIRAI,KHAI,KGP,WEST BENGAL,C
22.4344455,87.8801749,KOLAGHAT,KIG,KGP,WEST BENGAL,C
22.9867569,87.8549755,KULGACHIA,KGY,KGP,WEST BENGAL,C
22.4146419,87.8586534,MECHEDA,MCA,KGP,WEST BENGAL,C
22.5825427,88.2634809,MOURIGRAM,MRGM,KGP,WEST BENGAL,C
22.4979891,88.1829978,NALPUR,NALR,KGP,WEST BENGAL,C
22.9867569,87.8549755,NANDAIGAJAN,NDGJ,KGP,WEST BENGAL,C
22.3997934,87.7742239,NARAYAN PAKURIA MURAIL ,NPMR,KGP,WEST BENGAL,C
22.3931723,87.7426534,PANSKURA,PKU,KGP,WEST BENGAL,C
22.356664,87.613307,RADHAMOHANPUR,RDU,KGP,WEST BENGAL,C
22.589412,88.296962,RAMRAJATALA,RMJ,KGP,WEST BENGAL,C
23.6940208,87.1218979,SANKRAIL,SEL,KGP,WEST BENGAL,C
22.583087,88.2832942,SANTRAGACHI,SRC,KGP,WEST BENGAL,C
22.5985561,88.3247281,TIKIAPARA,TPKR,KGP,WEST BENGAL,C
22.4722436,88.093847,ULUBERIA,ULB,KGP,WEST BENGAL,C
